{"cameraMode":{"drawMode":0,"name":"Shaded","section":"Shading Mode"},"sceneLighting":false,"audioPlay":false,"sceneViewState":{"m_AlwaysRefresh":false,"showFog":false,"showSkybox":false,"showFlares":false,"showImageEffects":false,"showParticleSystems":false,"showVisualEffectGraphs":true,"m_FxEnabled":true},"in2DMode":false,"pivot":{"x":0.00041979551315307617,"y":0.8590438961982727,"z":0.01761218160390854},"rotation":{"x":-0.09764312952756882,"y":0.2916920483112335,"z":-0.0299458559602499,"w":-0.9510493874549866},"size":1.1790053844451905,"orthographic":false}