{"cameraMode":{"drawMode":0,"name":"Shaded","section":"Shading Mode"},"sceneLighting":false,"audioPlay":false,"sceneViewState":{"m_AlwaysRefresh":false,"showFog":false,"showSkybox":false,"showFlares":false,"showImageEffects":false,"showParticleSystems":false,"showVisualEffectGraphs":true,"m_FxEnabled":true},"in2DMode":false,"pivot":{"x":-0.4842931032180786,"y":0.8911405801773071,"z":-0.10607028007507324},"rotation":{"x":-0.04796144366264343,"y":0.9509974122047424,"z":-0.2375785857439041,"w":-0.19198456406593324},"size":1.1790053844451905,"orthographic":false}