{"cameraMode":{"drawMode":0,"name":"Shaded","section":"Shading Mode"},"sceneLighting":false,"audioPlay":false,"sceneViewState":{"m_AlwaysRefresh":false,"showFog":false,"showSkybox":false,"showFlares":false,"showImageEffects":false,"showParticleSystems":false,"showVisualEffectGraphs":true,"m_FxEnabled":true},"in2DMode":false,"pivot":{"x":0.22749151289463044,"y":0.7857414484024048,"z":0.05349135398864746},"rotation":{"x":-0.0033726105466485025,"y":-0.9628385305404663,"z":0.2699064016342163,"w":-0.012115327641367913},"size":1.1790053844451905,"orthographic":false}