{"cameraMode":{"drawMode":0,"name":"Shaded","section":"Shading Mode"},"sceneLighting":false,"audioPlay":false,"sceneViewState":{"m_AlwaysRefresh":false,"showFog":false,"showSkybox":false,"showFlares":false,"showImageEffects":false,"showParticleSystems":false,"showVisualEffectGraphs":true,"m_FxEnabled":true},"in2DMode":false,"pivot":{"x":0.005043447017669678,"y":0.8188731670379639,"z":0.07563996315002442},"rotation":{"x":-0.039306771010160449,"y":0.9572206735610962,"z":-0.15674473345279694,"w":-0.24003787338733674},"size":1.2096141576766968,"orthographic":false}