{"cameraMode":{"drawMode":0,"name":"Shaded","section":"Shading Mode"},"sceneLighting":false,"audioPlay":false,"sceneViewState":{"m_AlwaysRefresh":false,"showFog":false,"showSkybox":false,"showFlares":false,"showImageEffects":false,"showParticleSystems":false,"showVisualEffectGraphs":true,"m_FxEnabled":true},"in2DMode":false,"pivot":{"x":-0.01754167675971985,"y":0.9136354327201843,"z":-0.012380674481391907},"rotation":{"x":0.010859260335564614,"y":-0.9667261242866516,"z":0.25231868028640749,"w":0.04151556268334389},"size":1.103369951248169,"orthographic":false}